crn,password,sbi,agreementNumber
1300000001,perftesting,300000001,FPTT847069149
1300000002,perftesting,300000002,FPTT981262470
1300000003,perftesting,300000003,FPTT526049967
1300000004,perftesting,300000004,FPTT799194711
1300000005,perftesting,300000005,FPTT710675664
1300000006,perftesting,300000006,FPTT942326511
1300000007,perftesting,300000007,FPTT285641998
1300000008,perftesting,300000008,FPTT365789386
1300000009,perftesting,300000009,FPTT640537147
1300000010,perftesting,300000010,FPTT583309016
1300000011,perftesting,300000011,FPTT807909882
1300000012,perftesting,300000012,FPTT644999887
1300000013,perftesting,300000013,FPTT255146696
1300000014,perftesting,300000014,FPTT832454824
1300000015,perftesting,300000015,FPTT223073367
1300000016,perftesting,300000016,FPTT669530882
1300000017,perftesting,300000017,FPTT106008587
1300000018,perftesting,300000018,FPTT335831663
1300000019,perftesting,300000019,FPTT395666331
1300000020,perftesting,300000020,FPTT316746153
1300000021,perftesting,300000021,FPTT630361078
1300000022,perftesting,300000022,FPTT491265878
1300000023,perftesting,300000023,FPTT567731185
1300000024,perftesting,300000024,FPTT221728474
1300000025,perftesting,300000025,FPTT561215966
1300000026,perftesting,300000026,FPTT871252476
1300000027,perftesting,300000027,FPTT948240696
1300000028,perftesting,300000028,FPTT649270757
1300000029,perftesting,300000029,FPTT850684527
1300000030,perftesting,300000030,FPTT751529373
1300000031,perftesting,300000031,FPTT493393616
1300000032,perftesting,300000032,FPTT412517367
1300000033,perftesting,300000033,FPTT562930754
1300000034,perftesting,300000034,FPTT578962413
1300000035,perftesting,300000035,FPTT221084947
1300000036,perftesting,300000036,FPTT472818524
1300000037,perftesting,300000037,FPTT110482238
1300000038,perftesting,300000038,FPTT395044921
1300000039,perftesting,300000039,FPTT898972601
1300000040,perftesting,300000040,FPTT557780426
1300000041,perftesting,300000041,FPTT107886635
1300000042,perftesting,300000042,FPTT195529405
1300000043,perftesting,300000043,FPTT614892300
1300000044,perftesting,300000044,FPTT776769326
1300000045,perftesting,300000045,FPTT479853261
1300000046,perftesting,300000046,FPTT500753568
1300000047,perftesting,300000047,FPTT807819231
1300000048,perftesting,300000048,FPTT297460019
1300000049,perftesting,300000049,FPTT484816336
1300000050,perftesting,300000050,FPTT789342047
1300000051,perftesting,300000051,FPTT218260038
1300000052,perftesting,300000052,FPTT205197135
1300000053,perftesting,300000053,FPTT729891822
1300000054,perftesting,300000054,FPTT897864252
1300000055,perftesting,300000055,FPTT512723631
1300000056,perftesting,300000056,FPTT807627444
1300000057,perftesting,300000057,FPTT561139093
1300000058,perftesting,300000058,FPTT323070146
1300000059,perftesting,300000059,FPTT870476108
1300000060,perftesting,300000060,FPTT587145253
1300000061,perftesting,300000061,FPTT700241648
1300000062,perftesting,300000062,FPTT397276323
1300000063,perftesting,300000063,FPTT680302681
1300000064,perftesting,300000064,FPTT452654335
1300000065,perftesting,300000065,FPTT696379294
1300000066,perftesting,300000066,FPTT780304499
1300000067,perftesting,300000067,FPTT606800538
1300000068,perftesting,300000068,FPTT270234852
1300000069,perftesting,300000069,FPTT906631116
1300000070,perftesting,300000070,FPTT621591885
1300000071,perftesting,300000071,FPTT819829219
1300000072,perftesting,300000072,FPTT194209396
1300000073,perftesting,300000073,FPTT194345533
1300000074,perftesting,300000074,FPTT192811187
1300000075,perftesting,300000075,FPTT598581726
1300000076,perftesting,300000076,FPTT828110298
1300000077,perftesting,300000077,FPTT898453771
1300000078,perftesting,300000078,FPTT695495723
1300000079,perftesting,300000079,FPTT234002445
1300000080,perftesting,300000080,FPTT386201066
1300000081,perftesting,300000081,FPTT509859366
1300000082,perftesting,300000082,FPTT960632434
1300000083,perftesting,300000083,FPTT107904517
1300000084,perftesting,300000084,FPTT697834504
1300000085,perftesting,300000085,FPTT699466843
1300000086,perftesting,300000086,FPTT189667448
1300000087,perftesting,300000087,FPTT720214714
1300000088,perftesting,300000088,FPTT451387331
1300000089,perftesting,300000089,FPTT342065614
1300000090,perftesting,300000090,FPTT265975810
1300000091,perftesting,300000091,FPTT392811640
1300000092,perftesting,300000092,FPTT710115507
1300000093,perftesting,300000093,FPTT238122418
1300000094,perftesting,300000094,FPTT691025681
1300000095,perftesting,300000095,FPTT706101018
1300000096,perftesting,300000096,FPTT665239938
1300000097,perftesting,300000097,FPTT960542493
1300000098,perftesting,300000098,FPTT952000626
1300000099,perftesting,300000099,FPTT891756935
1300000100,perftesting,300000100,FPTT492114386