crn,password,sbi
1102838829,Password456,106284736
1102838829,Password456,106284736
1102838829,Password456,106284736
1102838829,Password456,106284736
1102838829,Password456,106284736
1102838829,Password456,106284736
1102838829,Password456,106284736
1102838829,Password456,106284736
1102838829,Password456,106284736
1102838829,Password456,106284736
1102838829,Password456,106284736
1102838829,Password456,106284736
1102838829,Password456,106284736
1102838829,Password456,106284736
1102838829,Password456,106284736
1102838829,Password456,106284736
1102838829,Password456,106284736
1102838829,Password456,106284736
1102838829,Password456,106284736
1102838829,Password456,106284736
1102838829,Password456,106284736
1102838829,Password456,106284736
1102838829,Password456,106284736
1102838829,Password456,106284736
1102838829,Password456,106284736
1102838829,Password456,106284736
1102838829,Password456,106284736
1102838829,Password456,106284736
1102838829,Password456,106284736
1102838829,Password456,106284736
1102838829,Password456,106284736
1102838829,Password456,106284736
1102838829,Password456,106284736
1102838829,Password456,106284736
1102838829,Password456,106284736
1102838829,Password456,106284736
1102838829,Password456,106284736
1102838829,Password456,106284736
1102838829,Password456,106284736
1102838829,Password456,106284736
1102838829,Password456,106284736
1102838829,Password456,106284736
1102838829,Password456,106284736
1102838829,Password456,106284736
1102838829,Password456,106284736
1102838829,Password456,106284736
1102838829,Password456,106284736
1102838829,Password456,106284736
1102838829,Password456,106284736
1102838829,Password456,106284736
1102838829,Password456,106284736
1102838829,Password456,106284736
1102838829,Password456,106284736
1102838829,Password456,106284736
1102838829,Password456,106284736
1102838829,Password456,106284736
1102838829,Password456,106284736
1102838829,Password456,106284736
1102838829,Password456,106284736
1102838829,Password456,106284736
1102838829,Password456,106284736
1102838829,Password456,106284736
1102838829,Password456,106284736
1102838829,Password456,106284736
1102838829,Password456,106284736
1102838829,Password456,106284736
1102838829,Password456,106284736
1102838829,Password456,106284736
1102838829,Password456,106284736
1102838829,Password456,106284736
1102838829,Password456,106284736
1102838829,Password456,106284736
1102838829,Password456,106284736
1102838829,Password456,106284736
1102838829,Password456,106284736
1102838829,Password456,106284736
1102838829,Password456,106284736
1102838829,Password456,106284736
1102838829,Password456,106284736
1102838829,Password456,106284736
1102838829,Password456,106284736
1102838829,Password456,106284736
1102838829,Password456,106284736
1102838829,Password456,106284736
1102838829,Password456,106284736
1102838829,Password456,106284736
1102838829,Password456,106284736
1102838829,Password456,106284736
1102838829,Password456,106284736
1102838829,Password456,106284736
1102838829,Password456,106284736
1102838829,Password456,106284736
1102838829,Password456,106284736
1102838829,Password456,106284736
1102838829,Password456,106284736
1102838829,Password456,106284736
1102838829,Password456,106284736
1102838829,Password456,106284736
1102838829,Password456,106284736
1102838829,Password456,106284736
